12745631111111	8038061	OK
14325671111111	9506520	OK
52341671111111	8053996	OK
41752632313211	9174301	OK
21354672313211	9146836	OK
54721631111111	9580186	OK
15642371111111	5438719	OK
75246311111111	5488085	OK
41625372313211	7031529	OK
47265312313211	7082646	OK
25714632313211	7923807	OK
45312672313211	7848129	OK
45176233131113	5336242	OK
25314673111313	5426831	OK
25314673131311	5286685	OK
56147231222132	5314759	OK
54321673313321	5289795	OK
53162743312223	6098578	OK
45176231131313	5192768	OK
54321673323311	5388358	OK
45176231133113	5249472	OK
25314673111331	5184342	OK
51342763312223	6086135	OK
76543211111111	5640576	OK
26154372332213	5481672	OK
54321673313312	5222204	OK
45176231331113	5127521	OK
24751362321113	5553418	OK
54217362233213	5310606	OK
16345271111111	5610717	OK
64157321133212	5430442	OK
52763413222112	5211054	OK
52763413223312	5174283	OK
13754262123323	5410855	OK
32456711233133	5552591	OK
74256313111232	5444560	OK
65732411333123	5110630	OK
52763413322312	5024829	OK
52763411222312	5052960	OK
64325713121222	4961505	OK
41765322313211	5301629	OK
23671452122333	5264609	OK
35721642221213	4934496	OK
12345673132313	4358490	OK
36725413131311	4226600	OK
46257313312211	5315018	OK
34162752132212	4851030	OK
52314673311311	5316145	OK
24615372213311	5243134	OK
25731642232211	4788956	OK
12345673231313	4186364	OK
45176321131133	5253790	OK
54217632132212	4843302	OK
25341673113311	5227859	OK
75243162211322	4927078	OK
72561433311233	4508536	OK
27546312231122	4909859	OK
25631741212121	4784917	OK
57214632212213	4762158	OK
47165321322131	5042763	OK
74513263121222	4727337	OK
12367451312222	4568831	OK
24615733113323	4844058	OK
32147652233213	4380607	OK
34561272212213	4398245	OK
23165743331312	5050607	OK
53672142221213	4739427	OK
76254133311323	4833627	OK
36725413111313	4055180	OK
41532672313211	4821498	OK
63725143123313	5041703	OK
23165742131333	5058805	OK
42351763231133	4821390	OK
32145671111111	4816450	OK
71625433213133	4782812	OK
47352612313211	4856270	OK
24615731132333	4743385	OK
35267141321132	5664116	OK
63172452313211	4832932	OK
45321673113311	4923636	OK
54367211213333	4394912	OK
54367212211322	4277353	OK
54312673311311	4852430	OK
34561272232211	4252910	OK
52741632123323	4247901	OK
32147652332213	4235098	OK
12347651111111	4791102	OK
16527431312222	4286005	OK
61352472313211	4829073	OK
62135743312223	4592212	OK
63125741112323	4568524	OK
42615371313332	4747079	OK
76321453311233	4271969	OK
74123653132232	4413759	OK
74256311321222	4657265	OK
75314621313212	5585900	OK
16543271221223	4454731	OK
25413672323111	5471053	OK
41635721212121	4307978	OK
74165233111313	3754022	OK
45376121131133	4799752	OK
24751362221231	4651112	OK
24563713121222	4298672	OK
26317451212211	4724483	OK
16254733312223	4018452	OK
46215372313211	4511511	OK
35624712321212	4000975	OK
25364172311231	5483177	OK
74165233231313	3768968	OK
74165233132313	3770354	OK
36725412111212	3718254	OK
26435712222122	4660257	OK
17326452212111	4688335	OK
14367523311113	4385215	OK
36754123232222	3972690	OK
12374562111212	4072620	OK
34561273313321	4042484	OK
63725141112323	3934286	OK
76312452212111	4611116	OK
56123471331332	4292626	OK
12345672321212	3753123	OK
54367213112222	4053986	OK
52741633321223	4046795	OK
74165233131311	3753768	OK
71264533231223	3962987	OK
32156741112323	4532202	OK
76321453323311	4122810	OK
36725412123212	3720400	OK
12367452113333	4104353	OK
12345672121232	3729748	OK
61235741313131	4008171	OK
76321452123323	4027282	OK
24731561111111	4409439	OK
74165231121212	3625669	OK
72543613132232	4174337	OK
34527612231332	4011299	OK
21347562312323	5100327	OK
32647512333233	4691846	OK
24315673311311	4536573	OK
74165232111212	3667473	OK
36125743222331	5106233	OK
75462132123212	3863328	OK
14632571111111	4378712	OK
14763251221223	4211706	OK
63541271212211	4532495	OK
36725412321212	3691284	OK
54367213312133	3941908	OK
76321453313312	3996871	OK
76541232131213	4358102	OK
12354761112323	4517538	OK
31564272212111	4527100	OK
67321451212211	4457990	OK
72361542333233	4501363	OK
74165231313131	3596298	OK
16527432211322	3898285	OK
67132541133311	4325144	OK
56274312313211	3903262	OK
36712542121211	3850495	OK
45276131131133	4534771	OK
36725413131113	3598308	OK
12765432222212	4385976	OK
72561432213122	3911253	OK
15324673113311	4429410	OK
73624513121132	4298826	OK
73615241112323	3696152	OK
52614372313211	3871769	OK
12345673131323	3591182	OK
16527431222132	3927274	OK
16427532333233	4500480	OK
36725412121211	3695273	OK
45376213131323	4578578	OK
46127353131323	3837361	OK
76254313211111	4576262	OK
45312673132313	4563907	OK
12345672123212	3618287	OK
72543613322312	4033204	OK
76512343213313	4216757	OK
17265433111313	4085556	OK
76512343332311	4218538	OK
64531271212211	4411223	OK
74165232121211	3535760	OK
36741252122123	3865558	OK
32147651213333	3861333	OK
36725411313131	3467006	OK
43675122222122	3957061	OK
24351761111123	4574544	OK
12456731132321	4886358	OK
74165233131323	3514745	OK
74165231212121	3458814	OK
32517463131311	4103580	OK
32147562333233	4408386	OK
45312673231313	4542007	OK
32416753121222	3982526	OK
36725411212121	3460665	OK
36725412121232	3457363	OK
74165233131113	3468304	OK
24615732111323	4329720	OK
26435712322322	4271155	OK
36145272131213	4232981	OK
36725411131313	3486901	OK
67254311131133	4474821	OK
36725412121112	3458031	OK
74165232121112	3453980	OK
25341762313223	4477949	OK
32567412222212	4225692	OK
36725411121212	3463743	OK
36514272212111	4381789	OK
54612371112311	4448836	OK
56347212111221	4603349	OK
74165231131313	3533196	OK
16527431123333	3694358	OK
76145231122112	4613346	OK
54367212333113	3710211	OK
12367451123333	3706199	OK
21345762223322	4279503	OK
76145231221112	4625681	OK
67354211313113	4629629	OK
23165742131321	4258821	OK
62351743112123	4872048	OK
52741632212231	3684651	OK
34527612211322	3670801	OK
24351673311311	4468512	OK
43765212222122	4038662	OK
72561433321133	3647523	OK
67354211333111	4605239	OK
54367211333213	3734567	OK
72543613223312	3875770	OK
63725142123131	3996550	OK
64125371131313	3846218	OK
32147651123333	3630301	OK
75231463211123	4048533	OK
34561273321133	3668591	OK
34527613312133	3669764	OK
51267342312233	3806878	OK
56123473133132	3862212	OK
36741252123323	3661179	OK
27643513311233	4119016	OK
13275641112323	3472957	OK
41263751312222	4088082	OK
13265741112323	3795690	OK
72543611331332	3928363	OK
14763251222312	3911879	OK
63542713121333	3670556	OK
47216352131333	4062876	OK
76321453233131	3616055	OK
51324673113311	4346640	OK
52163473323332	4560313	OK
72561433321223	3630172	OK
46153273131131	4236611	OK
71264533231313	3508486	OK
63574212313211	4077737	OK
62435172311132	3953543	OK
67154233323332	3522318	OK
52741633313321	3570467	OK
36741253233131	3602364	OK
34527612231122	3544010	OK
63752411333213	4555407	OK
32417562113321	3692471	OK
34527612331322	3620597	OK
12367451213333	3667005	OK
25471631312213	3748480	OK
54321672212213	3637651	OK
63752412333113	4572750	OK
12367453112222	3675360	OK
32165741111111	3843954	OK
54367212231122	3563828	OK
65314272313211	4065437	OK
14763253222112	3812657	OK
34561272122321	3653308	OK
46127352131333	3793050	OK
72435163333313	4289887	OK
56147232332213	3558709	OK
12367541113331	4001401	OK
63142571132321	4671685	OK
32147652331322	3633079	OK
53714622233111	3675133	OK
16527432331322	3578550	OK
52741632212213	3517594	OK
34561272213122	3515168	OK
31654272313322	3651630	OK
52763143222331	4714173	OK
41725361321213	3959492	OK
54367212332213	3536849	OK
36741252122321	3610929	OK
47251363131113	3681041	OK
34216572213122	4026787	OK
32674152113333	4011598	OK
41352671222111	3587263	OK
34561273311233	3509025	OK
54321672232211	3498825	OK
72145633312223	3942839	OK
36712542121112	3416721	OK
65132472212231	4473472	OK
41352671212121	3475845	OK
52341672323312	4320798	OK
35624712121232	3337907	OK
52714361232113	3941645	OK
16527432231122	3468938	OK
76321452122321	3577546	OK
52741633323311	3523397	OK
32147651312222	3476044	OK
76321452213122	3511543	OK
36712542122111	3473159	OK
73624513332131	4141855	OK
42163751121212	3674743	OK
63142573112123	4560553	OK
16745233333313	4169202	OK
76321453321133	3460865	OK
65243712121322	3412216	OK
16527432333113	3494287	OK
15762342122213	3383756	OK
47165322133112	3838932	OK
56147232333113	3485686	OK
32761453121312	4132957	OK
54367121113331	3983464	OK
56147232233213	3414173	OK
26534713333313	4127537	OK
54367211222132	3403183	OK
12356743113131	3503365	OK
37426513132313	3343608	OK
67345122223133	3962951	OK
26547313131323	3605055	OK
71264533131323	3333021	OK
16534723211123	3954790	OK
31524673332122	4235664	OK
52741632232211	3394308	OK
16273541122133	3650957	OK
54367212233213	3413804	OK
26743512121232	3637335	OK
34561273321223	3447965	OK
46275312112232	3846955	OK
67245311112311	3884816	OK
56123471333123	3646243	OK
35624712331232	3368296	OK
12374561121212	3380880	OK
45736121122211	3878383	OK
71523463231313	3486305	OK
14763251332331	3569695	OK
52341673323212	4285803	OK
12356741313131	3408898	OK
71263542323123	4620826	OK
72561433221233	3428926	OK
24376512222122	3618149	OK
34561272122123	3456914	OK
45621373211111	3828979	OK
76321452122333	3389854	OK
76321452122123	3457983	OK
23657142121112	3605270	OK
35624712321332	3345707	OK
36741252122333	3371527	OK
26435713333133	3976207	OK
32147653112222	3457824	OK
56271433132313	3481751	OK
64275132211133	3993083	OK
25734613113323	3894481	OK
47165322313211	3264739	OK
36125471222111	4276171	OK
34675212222122	3709716	OK
24617532233321	4397168	OK
41756231321213	3868445	OK
71264533221323	3320924	OK
16527433312133	3340837	OK
71263541333222	4519555	OK
52741632122333	3373951	OK
41352671212112	3421371	OK
27415633321322	3859185	OK
42615372313211	3261726	OK
34561273221233	3417449	OK
23517462131333	3642447	OK
52741633221233	3435675	OK
32147652113333	3339543	OK
54367211132222	3479228	OK
17435623211123	3579221	OK
12374561211212	3389911	OK
13246571113232	4250591	OK
36542712121322	3379140	OK
72365413121312	4027470	OK
12367451132222	3498942	OK
41237561313131	3565974	OK
76143253333313	4034041	OK
74152363133222	3677252	OK
13642573221221	3745679	OK
56743213121213	3832730	OK
23416752121211	3579446	OK
54321672212231	3411462	OK
62435172211133	3856599	OK
16527432113333	3349908	OK
32716452123212	3588887	OK
34561273233131	3407294	OK
74123653133132	3558733	OK
16543271332331	3584684	OK
56174321232113	3804451	OK
47132563222331	4345467	OK
14763253133222	3547655	OK
71453623311122	3972923	OK
47632513212332	4423031	OK
71643523331213	3310664	OK
43576212112232	3857091	OK
41673252212222	3343154	OK
36125471212112	4216586	OK
52741633313312	3383289	OK
12376541232233	4254216	OK
34715262221123	3786930	OK
32147651132222	3379646	OK
35174262213131	3697741	OK
63752141111111	3688155	OK
72543613221221	3544581	OK
34625172111212	3544153	OK
16527432231332	3339967	OK
15746321111111	3692683	OK
74123653133222	3535015	OK
67345122232133	3792910	OK
42615372213311	3903431	OK
56271433111313	3392339	OK
23165741112323	3163343	OK
27534161111123	4036286	OK
27365412321212	3567061	OK
36172452133133	3820621	OK
14736521321231	4142068	OK
63725142223133	3854540	OK
71523463131311	3394361	OK
16543271331332	3594467	OK
56147231333213	3364364	OK
63512743313333	3353299	OK
54723612131312	3896558	OK
76321542211112	3750228	OK
43621752213323	3410572	OK
74521633133333	3848921	OK
16527431333213	3378566	OK
31275461322233	3739452	OK
47136252133112	3830254	OK
16543273221221	3585380	OK
56123472322121	3455483	OK
76321452212231	3377974	OK
24736512222332	3862451	OK
71546322231212	3248398	OK
34265712212132	3821315	OK
53761242221213	3518155	OK
24537613231322	3935895	OK
43617521223221	3921982	OK
64275132232133	3786906	OK
17362452213311	4094246	OK
41725362313223	3902638	OK
56123471222312	3501775	OK
17543261111111	3647957	OK
56321742211112	3706275	OK
12356741133131	3346131	OK
36712542121121	3291048	OK
24167353132232	3913723	OK
56123473322312	3483974	OK
34617252132212	3497648	OK
41725362313211	3127720	OK
32147652231332	3324267	OK
52167432122222	3869828	OK
31275461112233	3717375	OK
23157462131123	3849030	OK
73642511111111	3285364	OK
71523463331312	3449269	OK
17426531232233	4166332	OK
14735621223332	4281282	OK
72561342313223	4104290	OK
72543611332331	3516027	OK
45273162222122	3554994	OK
46275312313211	3120154	OK
74521633121213	3867288	OK
52361472121313	3793212	OK
21457631321123	4252935	OK
41725631111111	3511916	OK
71643252231212	3332462	OK
46275313312211	3791411	OK
56213743313333	3208928	OK
63724153121213	3827653	OK
15634722123332	3973454	OK
13246571111111	3236025	OK
14763251333123	3417874	OK
47653213211231	4255692	OK
56271433123313	3453524	OK
53146272123233	3691313	OK
64357213231322	3880823	OK
14763253133231	3454577	OK
31627452221333	3641938	OK
42167532131333	3539077	OK
45362712122222	3327049	OK
73654122111122	3978231	OK
56743212221222	3804781	OK
34721652221222	3799867	OK
31265472233321	4181940	OK
17526432123233	3751050	OK
27615432113321	3738900	OK
72163453331333	3664286	OK
31267542313133	3548587	OK
74123652322121	3428554	OK
72543611223221	3468667	OK
36217452131333	3608036	OK
71326543333313	3361137	OK
35417622223133	3807694	OK
27613543333133	3551460	OK
31265471111111	3415916	OK
72163452122222	3681506	OK
62317453312211	3966956	OK
13274651112323	3393277	OK
76345122211112	3734826	OK
13572641122133	3757149	OK
27415363131113	3231796	OK
16347252131312	3659925	OK
54127633133333	3771366	OK
26517343333313	3355177	OK
41367253111133	3510741	OK
71436253333112	4095255	OK
71534262122222	3714151	OK
37651242211133	3809392	OK
14625731111111	3411797	OK
75143263231313	3378958	OK
52763411333123	3409196	OK
23147562123131	3714864	OK
24761531221223	3793089	OK
16453271111111	3517281	OK
53614721212121	3341545	OK
34721652121313	3797236	OK
24351673111133	3770453	OK
71546233331213	3201302	OK
72543613133222	3328462	OK
63251743133231	3791881	OK
32175462312323	4151604	OK
24563712121232	3230233	OK
43126572133313	3168555	OK
24637512311132	3692266	OK
13276451113211	3583978	OK
23756413322312	3428004	OK
56743213331333	3666867	OK
16475233132313	3368867	OK
56123473222112	3349004	OK
31265741233331	3740332	OK
46127351131313	3173307	OK
24716532323231	3560217	OK
52167433133333	3677573	OK
56123473223312	3335843	OK
65147321232113	3599193	OK
23756413222112	3390528	OK
41576322212222	3245673	OK
13276451233133	3520319	OK
51472361131313	3325776	OK
24563711121212	3209925	OK
31275463311122	3559048	OK
13276541213312	4216900	OK
62174351122133	3202506	OK
56341273121213	3707508	OK
51732643121213	3292305	OK
73615241113322	3563163	OK
23475162121112	3170134	OK
57236141323232	4203052	OK
42136752131312	3243480	OK
21346752313322	3714212	OK
46123573232123	3962306	OK
72164353131113	3329310	OK
14763252322121	3332856	OK
53724612121112	3265525	OK
34516722313223	3886123	OK
14567231312213	3607340	OK
36152741231312	3629500	OK
13576241312213	3391371	OK
17435622211133	3516977	OK
43216573212332	4152571	OK
21376541122211	3614971	OK
17425631322332	4101310	OK
24351671212211	3753331	OK
45613272233111	3350310	OK
36714521232113	3851388	OK
76342513322111	4110779	OK
56123471223221	3241928	OK
14673251111111	3387057	OK
47126351233232	3712621	OK
61734523222331	4109484	OK
71462533111223	4022784	OK
31754621331122	4107163	OK
37614521111111	3355270	OK
64275133231112	3527328	OK
53761242121211	3124296	OK
76312543322222	3982684	OK
41735261323313	4004424	OK
71435263211123	3347927	OK
13265742131312	3691393	OK
14763253221221	3313879	OK
41726532312233	3357449	OK
31246753312211	3873424	OK
36714522121322	3864453	OK
34617252111212	3146327	OK
12367541112212	3544248	OK
51642731113322	3814767	OK
63751242221321	3599755	OK
56721432312233	3548282	OK
21357462311111	3564563	OK
56123472331331	3284016	OK
24615731122313	3534117	OK
72165432111122	3825153	OK
16543272331331	3306292	OK
21345671111111	3443130	OK
52463713212332	4133292	OK
15246371331332	3417557	OK
52147633111112	3835208	OK
12347652123332	3832231	OK
47123562232133	3792880	OK
37624512121322	3839083	OK
37642152213311	3847426	OK
72543612331331	3267397	OK
53761242321212	3122993	OK
14763253132232	3241791	OK
14763253133132	3255090	OK
56147322333233	3682848	OK
52463173212332	4158121	OK
61452731311313	3561728	OK
65274131111111	3292185	OK
57364212213311	3708341	OK
14523673121312	3555318	OK
54723613333313	3675985	OK
54163272233111	3504514	OK
34617252123212	3118623	OK
32741651121311	3829243	OK
51324672212111	3655041	OK
72543611221223	3249130	OK
62571432321233	3595751	OK
17356242211331	4084256	OK
32175461111111	3275002	OK
56123473133231	3269861	OK
54127632131213	3479555	OK
72563411112131	3837249	OK
54127633131212	3650657	OK
71452632222131	3695498	OK
72163453131212	3645672	OK
73615242223133	3510713	OK
74123653133231	3249445	OK
16543271223221	3266052	OK
73642513223222	3968733	OK
54371621113112	4140590	OK
37615423121132	3374427	OK
72345611111111	3340377	OK
15624732123212	3493619	OK
43571262122222	3120164	OK
71365423331312	3340086	OK
54723613121312	3667035	OK
32671453123313	3387929	OK
27615431312333	3759315	OK
63725143122113	3452444	OK
16735242122213	3138087	OK
42673512232133	3743794	OK
31765242322121	3600465	OK
24615732233321	3575736	OK
16273541321321	3529348	OK
16347253121312	3503347	OK
23756413223312	3269498	OK
32567412131312	3492736	OK
13276541322311	4061339	OK
14752631111111	3363510	OK
41725362221213	3506121	OK
15724632123233	3678366	OK
42615372221213	3514734	OK
12673542331133	3699935	OK
34721652222212	3455155	OK
36547212131312	3592444	OK
46275312132212	3527107	OK
12543671111111	3291854	OK
76125343333133	3282367	OK
25741361232113	3481214	OK
23756411222312	3242135	OK
47165322132212	3507384	OK
53462711113322	3685694	OK
54367121112212	3531854	OK
32174561232113	3732679	OK
56243713121333	3139130	OK
16547321113331	3389205	OK
73615243332311	3333476	OK
25736141111123	3602360	OK
47165321232113	3265888	OK
72134562312212	3394868	OK
23165741231312	3459515	OK
12354762121211	3467497	OK
36547212122222	3594673	OK
74325613121312	3414194	OK
37651422312311	3796995	OK
52741362313223	3721829	OK
51726433123313	3250123	OK
74136522322121	3245750	OK
67215343333133	3170092	OK
53421671321111	4029772	OK
73615423213211	3787114	OK
56143273332323	3787956	OK
47251632131312	3189371	OK
16542372112331	3866204	OK
61274351313131	3202621	OK
76541233333313	3556827	OK
37415622333221	3790805	OK
54172633132313	3189142	OK
51472633331312	3153994	OK
76342513213112	4019157	OK
76354122111212	3385439	OK
15246371332331	3269010	OK
75613243131332	3834726	OK
13254762321233	3630336	OK
23165742123131	3212747	OK
73615243213313	3336998	OK
32167451111111	3299988	OK
46135272133313	3089699	OK
42157633231322	3388913	OK
74521633121312	3546876	OK
74132563131221	3932860	OK
56732143122113	3481334	OK
45376121331311	3687151	OK
71435263333223	3330166	OK
75234162221111	3647368	OK
21357642221132	3389934	OK
75312463333133	3119257	OK
36415272123212	3163048	OK
13765422121211	3183137	OK
23165742312323	3546414	OK
51723643131311	3152829	OK
21354761122211	3562917	OK
36721453121111	3796500	OK
52167342121232	3147411	OK
62134572321323	3460405	OK
54127633333313	3538982	OK
54326171111231	4030102	OK
74152363133132	3198619	OK
31257462222221	3804826	OK
32164571111111	3244320	OK
75316241231231	3618695	OK
13642571221223	3244032	OK
17642531112233	3643477	OK
74152363133231	3189751	OK
76351421112323	3293974	OK
13642571223221	3230278	OK
42137561123333	3296510	OK
26714532121133	3385176	OK
35416723232213	3568344	OK
26435712233321	3495358	OK
13246752133211	3406681	OK
31267542222233	3288842	OK
74251633111313	3136945	OK
74126352333122	3841087	OK
34716522223211	3411401	OK
14527632333332	3814051	OK
35714623111322	3243785	OK
61543271111111	3365976	OK
54321763113113	3591988	OK
75431263133213	3807370	OK
71435263333133	3369580	OK
74152363132232	3199704	OK
37624152311213	3410055	OK
15246372331331	3221130	OK
32657143121213	3121509	OK
51624733323113	3565586	OK
16524731112212	3549712	OK
37614252221123	3347828	OK
74521633333313	3556612	OK
13275643212221	3321838	OK
41762532221333	3540189	OK
67354213111313	3423808	OK
64357213312211	3553799	OK
56243173133111	3442882	OK
42751632321233	3531670	OK
15763241111111	3274810	OK
12365471111111	3310996	OK
12354671111111	3317534	OK
32567413133333	3462859	OK
67312542221111	3421684	OK
32561471211131	3774715	OK
24571362221213	3130942	OK
41725361232113	3143866	OK
76524313331222	3293181	OK
36145273333313	3428169	OK
27543611111123	3719885	OK
31275462312212	3250691	OK
35174262231113	3300589	OK
43751623123313	3115179	OK
51342672212111	3413755	OK
76325412112121	3783632	OK
24571631121212	3117776	OK
53274163211222	3292381	OK
73542163321133	3267352	OK
71435261322233	3361546	OK
35127462331331	3469744	OK
56741231131211	3673110	OK
41736521233232	3780015	OK
13275641112233	3342980	OK
41735262312233	3383021	OK
32146752232223	3514216	OK
42351671212211	3342081	OK
34617522221333	3317607	OK
56743213121312	3367847	OK
21345762312323	3466879	OK
73541262321212	3074715	OK
75264132321212	3365826	OK
71435623333331	3778420	OK
31475262331313	3776400	OK
71462531113322	3718693	OK
76215433333133	3144282	OK
73615243331312	3346859	OK
62157342132212	3097551	OK
65471231132213	3263090	OK
76325411111312	3759498	OK
73652413331321	3340444	OK
13546271231231	3756511	OK
32657412111212	3061963	OK
71435263311122	3281431	OK
75146321323331	3380568	OK
54127632222212	3338306	OK
75264313231112	3368952	OK
31275462311213	3260839	OK
43721653231313	3088695	OK
15672433312133	3180545	OK
73614251112323	3048314	OK
21473563331312	3128781	OK
25763142223133	3564541	OK
32174561112323	3267978	OK
74325163131323	3061918	OK
16572431111111	3300450	OK
52743611113121	3671492	OK
32165742211112	3466686	OK
46512372113321	3105779	OK
12765433121213	3372708	OK
73615243123313	3348671	OK
74521632222212	3423153	OK
14356721322233	3612108	OK
37615422223133	3304626	OK
74512361322233	3534827	OK
37615422313331	3218746	OK
13267541111132	3269600	OK
34721652131213	3302795	OK
53762413322123	3571725	OK
34562172232313	3529295	OK
25137461111111	3214514	OK
15236471111111	3228543	OK
46257132211133	3564067	OK
36547212221222	3336909	OK
14723651111312	3631568	OK
34165271211131	3694353	OK
36145272122222	3349033	OK
16537421233112	3640930	OK
21357463213331	3276551	OK
37615421113322	3357269	OK
25134672313211	3255427	OK
76341251111312	3668348	OK
16275341312213	3350242	OK
35162742213323	3088053	OK
41532761233133	3223845	OK
21536742222131	3274569	OK
25736141233232	3737762	OK
53126471231231	3738769	OK
74361253112132	3715334	OK
25714632123131	3622301	OK
76145232332213	3418395	OK
43572161111111	3132479	OK
37615422211133	3297319	OK
75246131333312	3405879	OK
52167432131213	3424955	OK
41735622313322	3114267	OK
62174533311212	3181191	OK
67452313321232	3179812	OK
14725363311113	3401816	OK
63471522323132	3742839	OK
52743611111312	3631478	OK
67231543323122	3751717	OK
64275131212223	3197688	OK
45621732212123	3154786	OK
62453713311122	3538012	OK
16345273233323	3716812	OK
45312762221111	3390349	OK
34721653333313	3361357	OK
25413763121222	3058120	OK
36547212121313	3297838	OK
51642371122313	3324967	OK
24531673123121	3620363	OK
73625141112323	2974782	OK
56741231211131	3630476	OK
35162472123233	3344268	OK
26573413331312	3075214	OK
16532471111222	3158848	OK
67231541323112	3907795	OK
37246511112233	3531762	OK
21354672311132	3585500	OK
26435712311132	3054798	OK
42516372233111	3336422	OK
34567212223232	3550621	OK
12376451111222	3362600	OK
71426533333223	3238160	OK
36147252111113	3556141	OK
56347122333233	3300508	OK
21354671131313	3352953	OK
37654212311222	3206435	OK
46721533123313	3091918	OK
24715631111111	2948601	OK
56341273131212	3323082	OK
41725363121222	3231047	OK
75346211211311	3628708	OK
32647152133121	3675160	OK
34165273133312	3651194	OK
61527431111111	3204628	OK
52174633223123	3426223	OK
12376541112323	3210989	OK
67354213131311	3328916	OK
73564213321322	3221825	OK
21345763332233	3187973	OK
21354673131113	3322904	OK
45213672221123	3389711	OK
46275313121222	3252633	OK
15273641112323	3172601	OK
61534272311132	3234103	OK
72534163211123	3196112	OK
15724362212132	3163305	OK
16534271111111	3278430	OK
26175432331133	3241970	OK
73642511113232	3520311	OK
24715631122121	3445513	OK
63714252123131	3244188	OK
56347212111311	3486524	OK
12563472131213	3309742	OK
14725362211121	3445728	OK
63752141122211	3331218	OK
15627431322113	3593798	OK
51623743313321	3100267	OK
26435713311122	3210805	OK
34516272312332	3656920	OK
35167242132212	3070628	OK
16725431211131	3600957	OK
73642511113322	3597197	OK
27614353311332	3215237	OK
17426531213123	3622817	OK
64321572111131	3717685	OK
74132561321231	3503088	OK
41625731222231	3212548	OK
27314652313211	3244318	OK
35126741232212	3351361	OK
54671232221213	3097542	OK
24367511323112	3807417	OK
12374651111222	3253347	OK
67412353132121	3726258	OK
14736521332121	3604495	OK
35462712322322	3170164	OK
12745632212213	3402921	OK
35126742231233	3358078	OK
34561721111111	3104936	OK
63752412312323	3642216	OK
36745213121111	3543259	OK
27416533321232	3367165	OK
12354762121112	3186124	OK
54723612222212	3326201	OK
75264132121232	3207801	OK
65132472233321	3637906	OK
67245311133233	3203821	OK
54712362223322	3187733	OK
25634713321232	3260275	OK
12364571112212	3226486	OK
31275462223211	3085437	OK
25714633121333	3437185	OK
46375213112111	3523274	OK
36152742131321	3164470	OK
42651733311122	3375693	OK
62371453311311	3117102	OK
56213471111111	2927637	OK
54367122211121	3261376	OK
26453172211133	3408578	OK
45367122223133	3404347	OK
76145232233213	3269191	OK
12576343212221	3186766	OK
76324151112323	3009243	OK
13275642131333	3168011	OK
31275462133211	3084529	OK
73645121113211	3151901	OK
62735143223213	3488671	OK
14723653321313	3676822	OK
26135742132221	3484770	OK
26714531212133	3084585	OK
64275131312123	3122021	OK
54167233232333	3480179	OK
74561233321313	3537346	OK
14753261323112	3630044	OK
12346751113133	3183340	OK
14735621233112	3529935	OK
17463251323112	3629759	OK
12543673233323	3540177	OK
27415632323231	3152853	OK
52367142211121	3136496	OK
53742612323333	3133357	OK
35762142222113	3342496	OK
14752363232222	3324344	OK
65321472111122	3067168	OK
54326711112212	3087857	OK
54716232222113	3169885	OK
65132743222331	3594132	OK
54612372222131	3073719	OK
15367421211113	3530309	OK
46372511221331	3240617	OK
76354121121212	3175743	OK
63751423122311	3107334	OK
32156471111111	2978568	OK
14762351321231	3374213	OK
46275311123222	3061623	OK
24715633131131	3385326	OK
45621373123331	3065141	OK
56124371232323	3454495	OK
57264132111323	3177376	OK
76213543213133	3276746	OK
32475163331222	3058620	OK
72541633121111	3510945	OK
24315761122322	3374552	OK
64531273123121	3442594	OK
25736411133113	3407222	OK
65213741111111	2906986	OK
45621732233333	3053108	OK
34172562313331	3168956	OK
37614522313322	3342095	OK
41673521111111	2904481	OK
56174232323333	3347029	OK
74321653233323	3474306	OK
25367411211122	3118052	OK
15642373231223	3303726	OK
63714521112323	2986427	OK
37612542221111	3230325	OK
26415732233321	3480730	OK
46572311223122	3410086	OK
56743212122222	3158051	OK
52167433331333	3264683	OK
45327612222323	3071144	OK
47156321133311	3279538	OK
41762533123331	3184938	OK
31462751111111	3008801	OK
51624731312123	3174176	OK
16742352232313	3093775	OK
63725141233121	3070443	OK
23175463211222	3082209	OK
54723612221222	3131905	OK
23165473233221	3507096	OK
72163453121213	3152921	OK
34125673133333	3128326	OK
31264752313121	3159456	OK
27534612311132	3107944	OK
12376451113133	3145057	OK
41725363121231	3055496	OK
51742632323333	3234706	OK
13267451122211	3286434	OK
65132471231321	3429806	OK
65132473111331	3318310	OK
61453721111111	2918677	OK
34165271112212	3407395	OK
54261732231233	3075097	OK
17425631323112	3550759	OK
72531463321232	3278833	OK
35614722321233	3231277	OK
24765313222112	3143362	OK
37615422313121	3040830	OK
76253413322312	3175934	OK
74561233233323	3472189	OK
13675241112323	2973930	OK
12375461111222	3140743	OK
74125633121111	3499976	OK
12354763211123	3320043	OK
52361472131312	3138850	OK
12745632232211	3255251	OK
47156321111111	2917942	OK
56347213111211	3336413	OK
17452633213232	3103718	OK
36417522123311	3057369	OK
52167432121313	3127194	OK
36745212122312	3422845	OK
21364752311111	3047249	OK
43167251232212	3048562	OK
14625732113321	3261102	OK
75346212323333	3272117	OK
74125633133312	3544975	OK
71234563231322	3213144	OK
14567231321123	3446671	OK
37624511232233	3397352	OK
64231572311132	3054353	OK
51324761111123	3054889	OK
25641371213132	3093813	OK
31276452313313	3414201	OK
24715363311332	3067177	OK
65172431132333	3119175	OK
64357212313211	2915798	OK
74321563311131	3079692	OK
12345761111111	2876567	OK
32174561232233	3432259	OK
75261432123233	3255979	OK
62135473123121	3401800	OK
46275312232133	3114688	OK
12365472321233	3381750	OK
71563243221221	3155222	OK
24615733311122	3091781	OK
25716431212223	3104739	OK
37256142321233	3068098	OK
47156231332313	3484939	OK
75346122133133	3032310	OK
32756141233121	3129166	OK
17425631322113	3425612	OK
56721343123331	3016194	OK
52743613121111	3369401	OK
12357461111222	3264691	OK
46512371331221	3116400	OK
23176453332233	3073444	OK
24351761212232	3113481	OK
43576211123222	3091911	OK
32475161232323	3037928	OK
37642513122221	3151786	OK
15672341113232	3368831	OK
71435262222122	3054503	OK
52341672323222	3338781	OK
35172461232323	3017675	OK
47152631322131	3129924	OK
16345273122323	3353922	OK
76541233331333	3011746	OK
14536273311311	3035068	OK
54716321112323	3017055	OK
67412531131133	3023027	OK
21365742312323	3458689	OK
54317621111222	2994459	OK
12637451132111	3420674	OK
74653213133222	3114400	OK
12765433331333	3007296	OK
13247563212131	3028152	OK
23165471111111	2868660	OK
41756233121231	3082988	OK
36147251211131	3374001	OK
52741362313211	2914020	OK
73654211111132	2999306	OK
67345213111133	3163090	OK
54621372211121	3237343	OK
71362453113311	2963924	OK
76154323333112	3234879	OK
15637423211123	2997128	OK
53721463223312	3173352	OK
54712361323313	3229148	OK
21375463333211	3317408	OK
56274132331133	2983709	OK
31247651323232	3337923	OK
23147651112323	2918214	OK
14327653121213	3129938	OK
46157321331233	3099160	OK
12357462211112	3207124	OK
24763151111111	2804196	OK
45367213111133	3145195	OK
75132463233233	2994717	OK
26513471122121	3113055	OK
15724631111111	2779650	OK
53762143222331	3107062	OK
73645122222311	3082099	OK
16753241221112	3071175	OK
16423572112121	3066254	OK
67342512222113	3000810	OK
34125672131312	3127879	OK
41725633211111	3316599	OK
37641252222323	3147688	OK
16534273211111	3294279	OK
13267541232212	2966691	OK
32761452122222	3119126	OK
17426531313131	3079620	OK
54276132233312	3189757	OK
74532163123223	3157414	OK
72513641233322	3203047	OK
21345762313223	3109758	OK
12563473131212	3087942	OK
34517622231323	3151605	OK
52341672211112	3212610	OK
26135742332312	3332306	OK
54612733322213	3210255	OK
57123461111111	2806826	OK
63741522123131	2958110	OK
54376211113133	3126948	OK
64275133312211	3117741	OK
36521472113321	2964910	OK
23157461231333	3029213	OK
25163741112323	2894595	OK
23164573213133	2950111	OK
17426531121212	3091083	OK
76543211212112	3338124	OK
51426731111111	2908245	OK
34175263321232	3119421	OK
34275162213221	3307723	OK
17324561211323	3524193	OK
14735621323112	3437557	OK
65241371111111	2901456	OK
72163453133333	3112114	OK
37614522113321	3241783	OK
47126532133133	3119583	OK
67341252222323	3005569	OK
26543171111111	2791909	OK
35426713111313	3071867	OK
71463523331222	3079593	OK
25736411331113	3264831	OK
74561232221111	3281093	OK
32465173233221	3430576	OK
54371261113331	2921235	OK
32751643321232	3000217	OK
64321572311132	3167042	OK
76354123313333	3181677	OK
57364212313211	2802946	OK
65132471323121	3445955	OK
41723562313211	2906351	OK
47165322232133	3000650	OK
63471522123131	3221306	OK
52341671122211	3216971	OK
67321453113311	3097841	OK
36527412211322	3176456	OK
65271432231233	2945132	OK
23174652123131	2966448	OK
16745232121313	3017539	OK
45367211211122	3134983	OK
75416323232213	2956235	OK
42613572313211	2904148	OK
76345122311111	3140664	OK
47156233233113	3374768	OK
63742511232221	2997796	OK
71462532121112	3074561	OK
27456133132223	2994272	OK
74132562121121	3196920	OK
76143253131212	3037476	OK
31257643311122	3095876	OK
14325673311131	3203528	OK
76354212313322	3227177	OK
72146352232223	2935819	OK
47632153212311	3349512	OK
35462173131311	3084264	OK
45673213211222	3089427	OK
73652413211312	3007067	OK
54612732112223	3189137	OK
36547213331333	3089661	OK
75241632222323	3024870	OK
47652132231323	2933451	OK
14725361111111	2783405	OK
21354672311123	3403295	OK
51724362122222	3098162	OK
31265471122133	3094377	OK
26153471122121	3201874	OK
53642171111111	2866452	OK
12347651122112	3298740	OK
16723451122133	2901102	OK
35476122221111	2952541	OK
76354121313131	2943919	OK
56432713122122	3166531	OK
51324763113332	3011973	OK
36527412131222	3297096	OK
34167252213323	2923946	OK
52376413222223	2998972	OK
37614523232213	3203830	OK
56347212123233	3217537	OK
53476121323322	3385970	OK
76345122211121	3070987	OK
16574231113133	2939220	OK
12376542121232	3059994	OK
67354121111111	2746774	OK
76341253221212	3273964	OK
46123571111111	2777390	OK
41563273113311	2919988	OK
65174232323312	3132244	OK
76312453311311	3076557	OK
41657321222312	3020563	OK
73645211231111	3267386	OK
32561471113133	3227681	OK
17426531132312	3268345	OK
72541631111312	3223667	OK
34516271111111	2862370	OK
16543721111111	2829970	OK
36745212123323	3145596	OK
14726532232313	3089871	OK
76213543311332	3100488	OK
76143252221222	3011463	OK
13254763323122	3380640	OK
63472512123332	2908424	OK
12357461113331	3131021	OK
13245671321111	3410559	OK
16523741112212	2900857	OK
36714523132223	3087182	OK
35461271111231	3293288	OK
63142571111111	2788217	OK
13246572321332	3161433	OK
14573261333111	3011845	OK
67354212111221	3119688	OK
24615732213311	3027701	OK
31264572122213	3066612	OK
25741632222323	3106609	OK
36145272131312	2999566	OK
12765432121313	2995110	OK
71462533221113	3278038	OK
17364251231231	3217455	OK
65174233323212	3146285	OK
76354123211123	3116316	OK
47321651311133	2885407	OK
27134561131133	2935497	OK
14523672121313	2981734	OK
15426371111111	2868921	OK
47156233211132	3341744	OK
13462571111111	2867716	OK
72165432211112	3095247	OK
37624513131323	2957798	OK
14762351221331	3368244	OK
54362171113133	2859728	OK
45612371133221	3406590	OK
45321671212211	2963246	OK
34172562132332	3096998	OK
46523711331332	2987397	OK
45321671221121	3147662	OK
72345613333331	3394207	OK
36147251131211	3157266	OK
24516732233111	2994184	OK
47265312131312	3044442	OK
65271341332331	2993511	OK
74561233111112	3199497	OK
63741252222323	3139250	OK
16524731112233	3231378	OK
74325613133333	2970611	OK
52314761322122	3064969	OK
73125463133132	2994276	OK
14765231111312	3230901	OK
15624732133313	3027876	OK
32164572232223	3177881	OK
31264752132122	3079745	OK
12375641113112	3406618	OK
35462171212121	2963309	OK
26135742213323	2958704	OK
76514321112323	2905558	OK
51724363121213	3079541	OK
26715433231322	3000369	OK
14625731131121	3328730	OK
45673212212132	3021894	OK
76341251112131	3212778	OK
32164572232313	3200443	OK
32156742313223	3261770	OK
31456722111221	2983005	OK
25714632223331	3336602	OK
24536713231232	2960500	OK
76345123311113	3070391	OK
71432561232323	3133341	OK
75264311223122	3099517	OK
32546713323212	2991896	OK
36721452121322	3232226	OK
67354211212121	2898691	OK
13527461211113	3280918	OK
43675211221331	2993971	OK
36721452122213	3200593	OK
34725611212211	3171876	OK
46375213123121	3270250	OK
36125473232222	3199994	OK
52147631131211	3136113	OK
21364753212212	2944955	OK
64271533221212	3181591	OK
12354763131131	3061063	OK
25463713212332	2960352	OK
31264573222223	3095251	OK
71532463221332	2951475	OK
46125731333123	3016675	OK
74163251121122	3167036	OK
34725612231212	3184593	OK
41725631211122	3082760	OK
76325412231212	3170565	OK
14527632212111	3156479	OK
74163252131111	3151688	OK
13254761322233	3222216	OK
32761453133333	2947011	OK
75213642223133	3083420	OK
73456123231322	2868192	OK
21654372231323	3076743	OK
73625143333313	2982901	OK
76143252131312	2961737	OK
32745612313322	2868695	OK
54123673233323	3220258	OK
35472163231322	3030192	OK
12745633131131	3207316	OK
36714522122213	3105238	OK
12347561112212	3007141	OK
12753462231323	2896129	OK
74125633332323	3209966	OK
76325411331311	3289786	OK
34725612121322	3203373	OK
16524731113133	2986979	OK
72365413331333	3034119	OK
32456173212332	2978765	OK
25716433223213	3083074	OK
71462532111212	2953551	OK
64275311112332	3045632	OK
54376211111132	2986607	OK
14752631112311	3145657	OK
27634511131133	3079204	OK
13576241321321	2979658	OK
71432563232213	3070755	OK
43615272113321	2932253	OK
27516341111111	2745940	OK
52163471112122	3101639	OK
31572461122133	2938591	OK
25734162221111	2892540	OK
12347652123233	3077372	OK
36714523132322	3071043	OK
17643251122112	2935805	OK
71345262132131	3373377	OK
23167541233322	3158514	OK
12365741113331	3028646	OK
43512671313332	2914641	OK
76342511111321	3229399	OK
76312542321212	2956327	OK
76325412333233	3146743	OK
62531472321233	3020121	OK
61543271112311	3140908	OK
36752143133222	3293000	OK
16725432211121	3069434	OK
71426353312211	3101290	OK
61234572231323	3081158	OK
71423563213232	2954199	OK
41726352313322	2942075	OK
21354761133311	3030063	OK
47132562311111	2980234	OK
23164752131312	3010864	OK
43572612312323	3156178	OK
13546271321321	3234702	OK
74163253121111	3246844	OK
12347653111133	3032203	OK
31256471231222	2923020	OK
16527341111111	2839987	OK
76341252323333	3075409	OK
27536412332312	3063480	OK
26437512122312	3193338	OK
54367122311111	3049293	OK
53476121323112	3409884	OK
27534161111111	2758499	OK
35462172213311	3211644	OK
34165271121311	3184360	OK
23176452132221	3072370	OK
74265312333233	2971464	OK
15463271313113	2922386	OK
12364751113133	3065638	OK
23165472111122	3027337	OK
47132652233321	3155582	OK
35426713312211	3227586	OK
54367121113211	2941082	OK
76354122112121	3021431	OK
65174322313211	2765875	OK
72541631113121	3153459	OK
14652733321331	2914004	OK
12365471211122	3105953	OK
67321451311133	2965536	OK
35462173221221	3300867	OK
24315762213323	2961357	OK
14527631211131	3216728	OK
17246351111111	2768469	OK
74312652333332	2918687	OK
62135743222331	2961637	OK
72165433233323	3205860	OK
56741232111113	3156387	OK
14625732233111	3004821	OK
54367123311113	2953591	OK
51742632323231	3044434	OK
26453711333333	3090091	OK
24153672321233	2854482	OK
15724632323231	3103380	OK
42573612323231	2974993	OK
67345211211122	3047865	OK
56247132333233	2953403	OK
32561471122211	3071103	OK
54362711323112	3399788	OK
14726531232122	3215573	OK
13725642332132	3369868	OK
65423713321322	2957473	OK
56423172112121	3123279	OK
16374521112323	2880365	OK
21354761113211	3117399	OK
21374653333121	3011793	OK
12357641113331	2847308	OK
37624513231313	2886302	OK
24561372111131	3247310	OK
23167542131222	3197540	OK
17642531111111	2754861	OK
14726531223122	3248555	OK
15734622331223	2889380	OK
14527632122213	3183022	OK
14327652131213	2921427	OK
35246171111111	2754435	OK
24651731113223	2996585	OK
45613271331221	2930176	OK
25436712123332	3006491	OK
32741652111113	3141023	OK
54721631122121	3187318	OK
17462352213311	3069955	OK
32765413231223	3186043	OK
56132472333332	3122007	OK
32615473332122	3274134	OK
37452162323312	2892602	OK
32741653111112	3062680	OK
56347212232223	3005701	OK
46321752111131	3251577	OK
56712343211123	3070217	OK
32145671221112	3210130	OK
73625412222323	2961790	OK
16345271222111	3157916	OK
34275161312213	2881861	OK
32761452121313	2852604	OK
14356721112323	2877071	OK
32164572233321	3245648	OK
23156471222132	3073079	OK
54312672212111	2851533	OK
36752142122132	3128468	OK
76342512232223	3043890	OK
15724632323333	3030944	OK
65134721233232	3186155	OK
34125672221222	2841488	OK
35162473332122	3125554	OK
31257462312311	3046022	OK
23456173233122	3229438	OK
72365413131212	2839332	OK
61274532231323	2898581	OK
27435612122222	2914019	OK
71542633132322	2917166	OK
76541233121213	2875761	OK
32761452222212	2931288	OK
25736411231321	3129673	OK
35426712131132	3131820	OK
56423173133111	3107902	OK
16537421113331	2929348	OK
31564273113311	2914766	OK
32145671123333	3018609	OK
56741233111112	3053800	OK
14763521113211	2962983	OK
14736523112222	3029476	OK
67321542232133	3006152	OK
76215341231231	2901333	OK
31264573132313	2831242	OK
14527631311121	3149374	OK
76315241112113	3156308	OK
13647521111111	2675895	OK
32145671333333	3163528	OK
23165472132332	3137331	OK
14752633223231	3319858	OK
62543711211113	3071720	OK
76321543311131	2900433	OK
36721453113113	3211938	OK
12645371131121	3267393	OK
45367211111132	3014577	OK
37652143231322	2979961	OK
62135471122121	3046444	OK
71453262222221	3116104	OK
35617423131332	3083834	OK
25436712132122	3134679	OK
67345211311133	2982218	OK
57246131112233	3025143	OK
62135473131131	3042527	OK
32567412122222	2873090	OK
23756143222331	3272048	OK
53126471321321	3213246	OK
54721633313321	2983336	OK
14736521221313	3186864	OK
41325671212211	2966560	OK
54721632212222	3074321	OK
72356141112323	2859823	OK
63452711311313	3096111	OK
32765411112221	3067154	OK
14736521132222	3018649	OK
54376121322233	3016408	OK
57164322131312	2952988	OK
54361272223232	3127620	OK
72516342313223	3070716	OK
54167232133313	3079573	OK
36125473323233	3081228	OK
67145323133312	3060120	OK
65174323223123	3123228	OK
47265312122222	2889282	OK
14752363233131	3014619	OK
52341672232313	2988604	OK
74132563132112	3196921	OK
63752143223123	3144580	OK
75613243133213	3094591	OK
12536741112323	2771874	OK
21376541131133	2881051	OK
21375462312233	2885460	OK
13246573321223	3002295	OK
31475261322233	3053332	OK
56127433332323	3052566	OK
32465173133111	3109657	OK
41735621233232	2887946	OK
16573241123123	3141357	OK
76341251221121	3205298	OK
23164753333313	2895493	OK
14765231111213	3136118	OK
76354212312233	2985548	OK
72563411113121	3070603	OK
71456322111221	3044454	OK
17526431231321	2977813	OK
45312761113211	3033327	OK
32465172112121	3025213	OK
32741651131211	3082932	OK
52761431113121	3110635	OK
65432173232321	3179467	OK
34521672223232	3100403	OK
65174233331213	2990487	OK
72546313323212	3026482	OK
74132562122111	2969322	OK
36147251121311	3061808	OK
54167233331213	3075394	OK
65132471212112	2979670	OK
12356471113133	2879827	OK
67354212311132	2993869	OK
14275633323122	3255072	OK
45721363321313	3079342	OK
61534721112311	3054626	OK
36241753212311	3158744	OK
72143651131112	2996568	OK
31475262333221	3024567	OK
12734561112323	2759259	OK
15672342323312	3027891	OK
15724631322233	3094672	OK
35462171131313	2836991	OK
73651241113322	3075940	OK
32174562231212	2972451	OK
14736251111132	2949930	OK
13275461112233	3027436	OK
72165433121333	3065297	OK
45376211333123	3219302	OK
52147631121311	3055205	OK
45167323322231	2970143	OK
54621371133311	2949224	OK
56423171231321	3000447	OK
76345123311131	2903296	OK
14725361322332	3112436	OK
34165271311133	2969015	OK
13675242331313	3082082	OK
16745232122222	2827335	OK
16547233332323	3039191	OK
73625143121213	2891660	OK
14736521133131	2935685	OK
67354213313333	2970411	OK
41765231233232	3101672	OK
75246313212311	3009383	OK
17463251321231	2968253	OK
32157642231323	2910487	OK
43651722323132	3109531	OK
61472532123332	2871079	OK
25436711311313	3079424	OK
32567413131212	2818943	OK
63712542221111	2887844	OK
62135473322321	3110982	OK
65274131312213	2961426	OK
15642373221323	2926793	OK
25436713232321	3203966	OK
32576142313223	3009623	OK
56132473213211	2945074	OK
56132473211111	2924001	OK
14625732112121	3021652	OK
41625373121213	2898008	OK
76143253331333	2866427	OK
52147632111113	3054616	OK
35246172213311	2985865	OK
21354761112233	3109068	OK
72541631112131	3048496	OK
67345211111132	2986742	OK
67354212212222	2969582	OK
54327612223232	3046698	OK
52761431112131	3051691	OK
12364753311131	2895413	OK
62135473132121	3111426	OK
41236753232321	3171718	OK
76315243323323	3054731	OK
67321451112311	2875474	OK
67354213211132	3126781	OK
13275463213211	3023936	OK
16257431132111	3126341	OK
32175462233111	2911864	OK
53741621332112	3159690	OK
23165471311133	2961536	OK
32145673311113	3002230	OK
16345272322232	3108533	OK
34725613111112	3045204	OK
76541232221222	2820317	OK
17426532121211	2814744	OK
14723652331232	3081205	OK
27453161132111	3072108	OK
52341673232213	2966501	OK
13246573221233	2990705	OK
32157641232323	2933582	OK
37624512231212	2947791	OK
52134761232113	2968144	OK
43561271111111	2728720	OK
41725633111133	2871183	OK
32164572312323	3134611	OK
72345612122111	3048957	OK
16745233121213	2827283	OK
73615423333331	3065679	OK
47632153232321	3174778	OK
15624732333332	2913943	OK
17453262211133	2922274	OK
21376541111123	2855979	OK
25471362323132	3106948	OK
15642372231332	2973130	OK
65714323223123	3028108	OK
76354212333332	3006154	OK
25743611233232	3014228	OK
32167451213333	3112698	OK
52374161112323	2769645	OK
43176252311132	2961278	OK
34275162112322	3004538	OK
51324671211122	2847851	OK
76354122212222	2919233	OK
76523413223231	3045273	OK
71562433123232	2884614	OK
75264133331213	2928672	OK
52471631323112	3214574	OK
32146751232323	2935426	OK
12467351131121	3200748	OK
36147253111112	2939711	OK
14352672212111	2841251	OK
51426733312211	2996931	OK
64257131113223	2907637	OK
12364751112212	2902475	OK
12376542123212	2824373	OK
14765231112131	3035985	OK
72365412222212	2798257	OK
14527633312133	2919478	OK
12463751231231	2993898	OK
15367423211123	2866635	OK
67312452233321	2986286	OK
74325613131212	2819098	OK
35426713131113	2820301	OK
54761233322321	2947365	OK
76354212213323	2896317	OK
14736521213333	3006118	OK
34125672131213	2805159	OK
14527631121311	3040799	OK
32156472333332	2982778	OK
17426532331331	3077741	OK
76325411113121	2992529	OK
45312672223331	3092849	OK
74325612221222	2820085	OK
34725612322232	3017634	OK
54163271133221	3016177	OK
72165433331213	2989905	OK
76325411111213	2995181	OK
13276542323312	3000432	OK
36721452122321	3023742	OK
71432562111221	3012493	OK
36125471111333	2949953	OK
12543671211212	3056269	OK
42751632323231	2893052	OK
12745632111122	2924179	OK
62471532232133	2864453	OK
24615371112332	2920316	OK
13276541321123	3199991	OK
56347213131332	3016262	OK
12347651133311	2964931	OK
74523611131112	2982027	OK
12347653332323	3013091	OK
32561471311121	3016358	OK
41752632311123	3116296	OK
32741651311121	2969980	OK
54721631311133	2939933	OK
74365211313113	3045607	OK
74561232111113	3001938	OK
32167452211121	2917390	OK
27634512233321	2911335	OK
37516422333311	2935281	OK
15634722321233	2876692	OK
32547611121113	2935295	OK
76342513323212	2981975	OK
41735263123223	2974559	OK
16245371231231	3066263	OK
71423653213232	3163932	OK
12745633313333	2968801	OK
76312542322121	3081778	OK
13276541133122	3122372	OK
32167453313333	2961622	OK
65132471222111	2865997	OK
26153473131131	2897793	OK
76543211333333	3143360	OK
75264133121333	2882668	OK
32145672212222	2962373	OK
16357421223113	2963812	OK
16275343122221	2984852	OK
34127651312111	2975164	OK
74365211333111	3023057	OK
46273512122312	2965581	OK
63125743133312	2952225	OK
45721363322231	2881235	OK
63721541233322	2915955	OK
12347652223232	2986203	OK
14537622231323	2828504	OK
47135622132332	2960655	OK
76354121311313	2833912	OK
76543212132323	2942984	OK
34627512232313	2859769	OK
16537421113322	2947223	OK
75246313332332	3053812	OK
34165271131211	2972573	OK
76514321232113	2947944	OK
35462171332331	3020458	OK
74163252112211	2909817	OK
14752633222223	2945740	OK
36752143211132	3037961	OK
76354213222223	2947463	OK
75246313312211	3030640	OK
76351423321232	2776152	OK
46215372121223	2951438	OK
32547611312111	2963566	OK
76231451123111	3055371	OK
52761432131111	2965220	OK
76325411122121	3028570	OK
76312453211111	2766233	OK
65123472312311	2897100	OK
36721452131111	3029295	OK
21354671221112	2847124	OK
76341251311313	2955189	OK
34725613132223	3009462	OK
32465172332321	3011156	OK
75634123323122	2965175	OK
75243611113232	2920014	OK
34725612331322	3014938	OK
16427531231321	2933093	OK
72543163211111	2964341	OK
45312762311111	2807795	OK
31462751113322	2913934	OK
12376451221211	2860788	OK
63754213122122	2869801	OK
56723411121113	2887580	OK
73516243332131	2912988	OK
65174232123131	2901012	OK
72165432111113	3002569	OK
74156322313223	3007494	OK
64351272132131	2928739	OK
34725613311113	2859344	OK
63471522332132	3131280	OK
47162351322122	2913110	OK
17425631122112	2931736	OK
16342571331221	3058971	OK
76341251113121	2974191	OK
23156473323332	2859472	OK
74156322122321	2885609	OK
17426531112233	2961533	OK
15643271331221	3128353	OK
64275313312211	2907434	OK
71456321322323	2919745	OK
74523611213111	2931867	OK
76543213113131	2998642	OK
45312761133311	2775467	OK
32561471131211	2996547	OK
71543623111121	2921404	OK
75321461311112	3028196	OK
45612373132223	2927571	OK
34725613111133	2790557	OK
53426171112233	2858836	OK
35462173123211	2970437	OK
64321572132131	3062814	OK
67245131313323	2931358	OK
76325413222223	2990917	OK
52471631223113	3071665	OK
53741621323112	3115935	OK
65274132123332	2844387	OK
67321452111122	2771987	OK
14736523113131	2832970	OK
36527412322232	2957141	OK
36745213133111	2980191	OK
16537421111222	2793314	OK
54376211111222	2744362	OK
74561231111222	2920072	OK
54167231221211	3051253	OK
36751243222322	2828035	OK
37612453122233	2883057	OK
64572131122223	2902349	OK
32145672113333	2879115	OK
36527413111112	2925080	OK
36752142123221	2985916	OK
32765411133113	3003767	OK
41765323122212	2939867	OK
34621572132131	2909563	OK
32167453321232	2917036	OK
15642372213311	2988305	OK
32476513232231	3075078	OK
14736521211212	2823131	OK
27534162311111	2836138	OK
13246572331232	2820474	OK
12376541322233	2974679	OK
65174232133313	2866267	OK
32765411331113	3027220	OK
67345211112233	2948809	OK
17526431131121	2858308	OK
12365472223232	2959831	OK
14632571321132	3058035	OK
36125473111211	2916852	OK
76145231131112	2916123	OK
32145671132222	3008307	OK
67254313311113	2813380	OK
76543212323213	2903411	OK
63452712333221	2911203	OK
52743611111213	2887539	OK
65274133132223	2920912	OK
42573613322231	2775337	OK
67312541121221	2833290	OK
72541631111213	2926694	OK
52761431111312	2887995	OK
52367412322232	2913117	OK
52743611112131	2937979	OK
76341251111213	2916689	OK
25741632312323	2956106	OK
47156322132311	2892927	OK
72165433221233	2987407	OK
32165741111132	2865104	OK
54167232112112	3029695	OK
21376541112311	2858681	OK
14527633132322	2960173	OK
37614522111221	2909174	OK
32561471121311	2915881	OK
73645213333112	3004650	OK
41725633121123	2952232	OK
21654372233321	2948563	OK
62374513112321	3085073	OK
74125632121121	3010616	OK
23147652312323	2908775	OK
17463251122112	2869677	OK
54231671123111	3012040	OK
47256133212311	2886415	OK
24731562311231	2989567	OK
31265471312213	2796863	OK
31265472312233	2797211	OK
62147353123121	2996302	OK
21354671122112	2810591	OK
76354121122121	2806571	OK
74523612111311	2847850	OK
52641733232321	2910361	OK
52714633223123	2996485	OK
12354763133111	2796047	OK
54721632133232	3028237	OK
71452363213232	3041681	OK
74163253332323	2920718	OK
52736141322233	2866214	OK
27154632311132	2826797	OK
56723411113313	2872342	OK
52714633213223	2978253	OK
61572432312323	2868374	OK
47123651233232	3082402	OK
74561233311233	2785615	OK
52761431111213	2934976	OK
32167451222222	2947377	OK
72643513212311	2877607	OK
76315241323313	2987465	OK
47156323223123	2918050	OK
14625731322233	2952727	OK
26153473132121	3000071	OK
76123453233323	2869387	OK
32156472332321	2973309	OK
14367252322232	2916469	OK
53126471231321	2797130	OK
61534721113211	2875251	OK
23165472311111	2864087	OK
64531273311311	2769201	OK
32765412323222	2924500	OK
27416532133232	2853812	OK
37561241311112	3025672	OK
34651271123111	3004625	OK
16723451322311	2881304	OK
74561233131233	2926248	OK
37614522323312	2913458	OK
74365211121221	3005712	OK
14325672231323	2904668	OK
36527412231122	2766727	OK
12543672321332	2985861	OK
13276543323122	3028341	OK
71432563323122	2927482	OK
76145233133213	2916277	OK
25436713332122	2937108	OK
14527631131211	2897171	OK
76324151112233	2817150	OK
76341252232313	2885066	OK
35462172223331	2910571	OK
57321642311132	2722141	OK
36745212122333	2723146	OK
52163473111211	2871626	OK
12367541331131	2751079	OK
56347211222132	2922717	OK
14723651112131	2925088	OK
72143651121113	2854768	OK
14325673123232	3004737	OK
54721633231322	2878074	OK
16725431211122	2833607	OK
57642311113322	2860648	OK
14267351321321	2913201	OK
21354761113322	2943371	OK
31276452133322	2849410	OK
74523611121113	2848058	OK
32167451312222	2799039	OK
21367451311331	2808022	OK
41325762313223	2905040	OK
42367153211123	2710103	OK
62475131322323	2817028	OK
12763452322232	2870903	OK
74365213111211	2900667	OK
35472163222313	2834708	OK
32547612111311	2854274	OK
24157361313212	2969628	OK
57321641311112	3001692	OK
41736522332231	2840113	OK
72563411111213	2833866	OK
74156322122123	2824259	OK
47256133321232	2728717	OK
15642373212311	2850704	OK
16243571231231	3055308	OK
36125471312111	2905344	OK
76245311121131	2878817	OK
16345271133131	2912683	OK
74156323133123	2929637	OK
13267451311133	2750730	OK
12537461332112	2913201	OK
32175461333111	2835428	OK
12354762311123	2924978	OK
35461272222323	2744722	OK
73615421113322	2860656	OK
36714252232223	2738180	OK
17425631313113	2828493	OK
14752633223123	2970055	OK
21654373332122	2993738	OK
14625732213323	2757955	OK
32741651211131	2869574	OK
72143563222331	2921717	OK
36745212223232	2904794	OK
76521433232333	2841123	OK
65274133312223	2736057	OK
12473561132123	3042417	OK
43615271333312	2868678	OK
75234161322233	2793436	OK
62173543232132	2968400	OK
36721452223232	2909957	OK
14723651111213	2876250	OK
54312671131331	2766216	OK
12543673221323	2926048	OK
12745632222221	2909208	OK
13546271213213	2851071	OK
24715631122133	2759010	OK
31265471122112	2848079	OK
32165743311131	2735442	OK
72356141232113	2815707	OK
32164573323212	2913864	OK
53726143333121	2848780	OK
62435711222222	2862689	OK
36527412221312	2911599	OK
14736253222223	2828222	OK
61234573232213	2735582	OK
15267431223113	2843190	OK
56741231121311	2793490	OK
74561233321133	2734218	OK
74563211232332	2857498	OK
47352612311132	2841216	OK
62135473232231	2930319	OK
16725431131211	2893067	OK
56712341232113	2834532	OK
52641733212311	2784004	OK
31564272213311	2828614	OK
16725433113311	2836731	OK
76324153323122	2936063	OK
14723653313111	2794841	OK
14725361111123	2796634	OK
34165272323333	2787384	OK
72513641232323	2739453	OK
53147262123131	2724322	OK
72165432323312	2898450	OK
52163473111331	2925477	OK
12546371221331	3026562	OK
54763212322232	2820188	OK
32465173132121	2967422	OK
14263751131121	3054168	OK
14763521113223	2752400	OK
63174522332132	2830871	OK
42137653122131	2950667	OK
67345212111122	2762934	OK
15243671331221	2994496	OK
61257343232123	2839123	OK
65132473323311	2795675	OK
12456733223321	3044381	OK
21654373332221	2969503	OK
65123471112311	2777259	OK
75346213332122	2904858	OK
56723412323222	2855524	OK
56423173132121	2988250	OK
73654122221111	2748672	OK
15426371112233	2807564	OK
37645122312221	2827010	OK
76543212222221	3020516	OK
34127651213111	2840032	OK
23576412233321	2811927	OK
52761433121111	2825977	OK
32754163211123	2771701	OK
45376213333322	2909170	OK
74163253133213	3021087	OK
15724632313223	2864442	OK
14625733133111	2835529	OK
32714652332132	2789826	OK
72165431113331	2814319	OK
12567433232333	2832456	OK
13627451332112	2844169	OK
67345211113322	2881694	OK
72136541322233	2823550	OK
52341673133111	2881364	OK
34526713232312	2758370	OK
25436712123122	2860253	OK
21354761112311	2837746	OK
27615433313213	2811704	OK
21354763312211	2873143	OK
14765233323332	2874181	OK
43176252123131	2816553	OK
14765232211211	2788278	OK
24157362323111	2972833	OK
26371453112111	2942275	OK
25436712323231	2760942	OK
34562171321111	2858557	OK
46375212132221	2868663	OK
31247651113232	2755798	OK
14735621221112	2819646	OK
24651731333333	2815246	OK
63574212123131	2808396	OK
65417321232113	2770087	OK
74365212222323	2812256	OK
76145232123332	2774176	OK
21367452112112	2752956	OK
12456731233223	3016539	OK
32561472133313	2859293	OK
12745633323311	2914302	OK
65417323232123	2841722	OK
13764252323231	2817824	OK
32547611213111	2831438	OK
17463251313113	2797524	OK
46375212113111	2844425	OK
72345611331332	3052321	OK
32547613111211	2769658	OK
63752412322112	2902722	OK
56347211213111	2849164	OK
14736251112332	2718673	OK
72563411111312	2809978	OK
14725363223213	2848347	OK
46273513221212	2850000	OK
14325672323222	2884978	OK
67321451111123	2753812	OK
14752631323223	2915939	OK
47163522131222	2837937	OK
36527411131133	2797011	OK
67234513332122	2819263	OK
51423671221331	2877004	OK
65723143321313	2811220	OK
23165471312132	2829527	OK
75346211133122	2891175	OK
71326451211311	2971318	OK
32561472213122	2737668	OK
67345211111123	2751478	OK
25134672233321	2832591	OK
35162473323131	2809491	OK
76321543211111	2706669	OK
14765232331313	3005249	OK
63745123122212	2812615	OK
14753261333111	2773679	OK
43216573132223	2776540	OK
16743252323222	2766991	OK
23417563232123	2836237	OK
35162472122231	2815167	OK
34127653111211	2773377	OK
14765232232322	2815891	OK
15642372331322	2761773	OK
34165273311131	2753443	OK
32765411121113	2768747	OK
52147631311121	2798223	OK
57236141113232	2880164	OK
46572312132122	2804218	OK
14753261221112	2755470	OK
36147251311121	2800598	OK
74365213121333	2794254	OK
76354123211132	2879309	OK
45312672233321	2887654	OK
14726531233313	2844693	OK
32417652132131	2894254	OK
36745213232213	2762871	OK
32165741233223	2897925	OK
12543672322232	2841742	OK
63125743131233	2833754	OK
16374523211123	2791218	OK
76351421113322	2704694	OK
34127651121113	2787139	OK
75641323232111	2912956	OK
34725612231332	2864243	OK
14736521322233	2852499	OK
35462172312131	2876986	OK
46157233333232	2706848	OK
12543672121121	2838637	OK
72143652111311	2764120	OK
21734652123131	2748825	OK
73246153312211	2788880	OK
36721451131331	2916420	OK
72563412131111	2778337	OK
74523611312111	2776939	OK
14325672112121	2859026	OK
36521472331121	2786356	OK
45612373112231	2919275	OK
56321473233323	2818791	OK
41725632322331	2941398	OK
76245312132131	2888831	OK
72143651213111	2799763	OK
45637123132121	3018677	OK
26415731322323	2721762	OK
14527631133311	2725344	OK
12745633313312	2891566	OK
72541632131111	2762051	OK
25763411332322	2843745	OK
34127652111311	2812317	OK
34761252323222	2751504	OK
16327453232333	2798915	OK
35271461322233	2786264	OK
13257641112233	2779734	OK
26741351232113	2660283	OK
35162473332131	2821213	OK
74523613111211	2766066	OK
42651372213311	2767053	OK
74125631313311	2770606	OK
16725432232223	2727766	OK
47156233223312	2898630	OK
32765412221312	2944697	OK
32167451333111	2849982	OK
72143653111211	2774910	OK
35416721113112	2888044	OK
74125632131111	2749515	OK
52743612131111	2782016	OK
74156323132331	2854302	OK
34165271311121	2819875	OK
32175461221112	2760772	OK
65132473313312	2737096	OK
36527412111113	2797213	OK
41765322221312	2815735	OK
26415732121223	2810460	OK
51264731113322	2788322	OK
76354213312223	2726759	OK
54321761211221	2698185	OK
14765231133131	2817826	OK
63752141123213	2782971	OK
14752633213223	2915309	OK
16573241312312	2789132	OK
17425631323223	2837791	OK
54716322313223	2814726	OK
47352612123131	2737721	OK
76345123211111	2715770	OK
21365742221312	2762480	OK
72165433111112	2780122	OK
15643271221331	2962230	OK
45612373332221	2908647	OK
65132741223323	2766279	OK
25736413123112	2883080	OK
32465173123121	2867726	OK
16523473332323	2760544	OK
14725363211213	2773986	OK
12643571321321	2846322	OK
46375212332222	2774633	OK
73516243323113	2762255	OK
16725431121311	2770483	OK
34562171321231	2704816	OK
65742311212313	2898988	OK
14723651113121	2786387	OK
34127651131112	2745893	OK
54261373123121	2765650	OK
35162473122221	2782875	OK
32547611131112	2779874	OK
35461271321231	2733888	OK
73542613132322	2704737	OK
56423171321321	2942917	OK
34651272332132	2862859	OK
35426712311312	2834536	OK
36541272323222	2741766	OK
76342513323122	2883215	OK
43216573212311	2765669	OK
72563413121111	2765287	OK
13246571112233	2818632	OK
64275311222222	2774576	OK
56327411211332	2756738	OK
61453721311112	2800173	OK
16345272333212	2763097	OK
56741231311121	2752145	OK
41325763131233	2742059	OK
34725612111113	2795137	OK
32156471113211	2720966	OK
71326453132121	2930210	OK
16243571321321	2938214	OK
54167231131112	2748356	OK
52147631211131	2758623	OK
37652141113232	2710436	OK
14723653232222	2806042	OK
74213652323132	2695792	OK
72546311323112	2901885	OK
76315241322122	2794426	OK
72361453232333	2741226	OK
45612373332122	2875315	OK
14765231113121	2775907	OK
74365212111311	2753516	OK
75264132223331	2788862	OK
56723413331111	2738866	OK
72143651312111	2744610	OK
36527413311311	2728372	OK
72145633232231	2767973	OK
73645213112231	2829617	OK
76145233232333	2772662	OK
14726533323122	2816078	OK
47512632312323	2721909	OK
67412353332221	2844811	OK
17423653213232	2951798	OK
56723413221212	2875444	OK
13254761323322	2845294	OK
12543671331113	2790955	OK
72356143211123	2728502	OK
14735621333111	2704287	OK
32745611223332	2741241	OK
41752632312323	2818143	OK
12543673231223	2814058	OK
14563272323222	2727401	OK
72145631233223	2755130	OK
76245313123121	2848606	OK
56324171221331	2775313	OK
74512362313223	2672256	OK
76245311213312	2849508	OK
36125471213111	2756195	OK
76325411112131	2758427	OK
52163471213111	2771732	OK
12543673111331	2808166	OK
16542371331221	2911924	OK
17426531331332	2856967	OK
16453272111131	2768541	OK
35246171113322	2716005	OK
12564733323122	2759258	OK
23576412312323	2667679	OK
36745212131111	2798778	OK
74365211213111	2760585	OK
57236141322233	2730320	OK
14752632332132	2850752	OK
56327413213112	2747332	OK
54721633333331	2779557	OK
54326171321231	2804819	OK
45612372331121	2898334	OK
52163472111311	2740515	OK
76345122213311	2738265	OK
61453723111121	2745553	OK
36125472111311	2759183	OK
41752631222123	2801438	OK
76145232331313	2762040	OK
36745212121223	2761665	OK
76245313122122	2782971	OK
32156742333131	2801165	OK
65314272311132	2708911	OK
54167231333213	2745316	OK
15724631211311	2778910	OK
71432563332113	2742337	OK
46513272332111	2737075	OK
52673413232123	2666138	OK
72165433321223	2770276	OK
54167231121113	2775767	OK
17362451231321	2755043	OK
75642132213311	2719231	OK
17425631332112	2802823	OK
14325673232333	2737548	OK
56723411131112	2759127	OK
32156742311123	2817291	OK
12347653132223	2720318	OK
12734561322233	2708622	OK
31624751112233	2738517	OK
76145231121113	2765452	OK
32561473323212	2743212	OK
23165472111332	2724345	OK
25134672312323	2733320	OK
74163253133231	2928006	OK
74125632321332	2758491	OK
73542613132121	2812708	OK
54721632212231	2767820	OK
65274131311313	2698329	OK
75314623113122	2879923	OK
31265471313113	2696630	OK
46513273113221	2702050	OK
54167232333113	2748194	OK
32164571232323	2712754	OK
32165742331112	2738757	OK
52341673232333	2707519	OK
16453271211113	2746065	OK
63752411223212	2773791	OK
56723413222112	2894164	OK
54126371331221	2791423	OK
14752363222121	2774641	OK
74125632122111	2763096	OK
52163471312111	2719809	OK
16725433122212	2751871	OK
47156322313232	2703357	OK
64531272132131	2761316	OK
64531273312211	2678124	OK
71432563323113	2759431	OK
74365211312111	2709108	OK
72643513212332	2886329	OK
76543211223221	2939986	OK
32175461113112	2803152	OK
12347652111221	2724965	OK
74365212333332	2727463	OK
34261573123121	2797248	OK
76543211332331	2926275	OK
63752143123223	2757201	OK
17642533312211	2668880	OK
14725363213121	2698006	OK
45312671222312	2772709	OK
75346213132322	2673648	OK
13462572213311	2677754	OK
32174652332132	2748553	OK
36127451333222	2678539	OK
26543171123111	2640937	OK
32765411131112	2748147	OK
51632741323232	2801636	OK
43527612312323	2724830	OK
16725431311121	2723220	OK
65132472131231	2746219	OK
54326171112233	2699640	OK
62135472132131	2743752	OK
52713461232323	2669063	OK
16427531211311	2744482	OK
32156472312332	2804247	OK
36745213131131	2709705	OK
52163472131222	2868799	OK
63247511123132	2784460	OK
47156233322312	2785174	OK
52163473221323	2728246	OK
52341671311313	2725201	OK
56347211312111	2722661	OK
15763242323132	2704879	OK
45732612233321	2673601	OK
45671233112132	2851524	OK
47632152233321	2675246	OK
45312673222112	2773944	OK
32745612322331	2677328	OK
12365473332323	2733227	OK
61352472233321	2702876	OK
36721452122123	2715494	OK
15672341323112	2864073	OK
75236143213232	2758263	OK
76315241113112	2802290	OK
45612373132121	2840261	OK
32561473222223	2719841	OK
16243571132132	2705965	OK
51367241211113	2771889	OK
74163253131332	2790254	OK
25736411321312	2765523	OK
72543162311111	2651561	OK
75321463132121	2881772	OK
16543721113211	2628378	OK
12365473232312	2783979	OK
32765413122212	2816374	OK
12543672331232	2705709	OK
75346211311211	2677914	OK
75346213132121	2775987	OK
31624753312211	2681078	OK
14765233113131	2718012	OK
32147562313223	2683427	OK
13762451321321	2743653	OK
21354762213311	2761557	OK
72345611133113	2686199	OK
76315241332112	2738641	OK
53621471331221	2737775	OK
54371621113322	2634891	OK
23156471333132	2733347	OK
17452363322132	2706594	OK
56723411222312	2867705	OK
17543261132111	2623506	OK
32145673112222	2740487	OK
13645271221331	2813926	OK
16534271111132	2615679	OK
74125633131233	2810050	OK
12347653132322	2700838	OK
45713623223132	2783470	OK
74361253211231	2664694	OK
36241573212332	2739496	OK
71543622111131	2622260	OK
35462171221223	2712659	OK
14762351331221	2819593	OK
73645211332112	2747772	OK
17425631223113	2735540	OK
32465172133121	2734064	OK
64531273122131	2667322	OK
27543611111132	2685435	OK
32765413223312	2857245	OK
15627431332112	2744628	OK
24367513111121	2686505	OK
16572433213223	2769445	OK
32156472332132	2720093	OK
76145231311331	2762260	OK
17452363213232	2861759	OK
14723651211212	2715169	OK
65274133232321	2802273	OK
63752143212323	2656414	OK
15724633132322	2674731	OK
74123563323221	2659869	OK
34261572133121	2716787	OK
47156322332312	2706047	OK
32174652312332	2689982	OK
47621533231121	2816685	OK
62543711311112	2626879	OK
46527133111121	2708202	OK
12376543133132	2709388	OK
32164571111231	2738963	OK
24173652323231	2620348	OK
42367153111121	2691514	OK
16537421332112	2682791	OK
74163253133132	2820606	OK
76341253233131	2686171	OK
51264732213311	2657765	OK
13276541323322	2753779	OK
72345611222222	2784819	OK
15346271321321	2744281	OK
47152361233232	2756608	OK
73146522113231	2718337	OK
14735621223113	2691349	OK
12365471313113	2689375	OK
63172452312323	2656977	OK
17436521323232	2691247	OK
14726531333312	2675809	OK
12376543133231	2694097	OK
76345123312211	2656077	OK
32765413322312	2837464	OK
76342511323112	2770899	OK
15643273223111	2639299	OK
36125472121223	2786991	OK
12467351231321	2730958	OK
63714522332132	2640878	OK
36752143132232	2689195	OK
15672343213232	2816011	OK
36745211211221	2723890	OK
17463251331221	2766037	OK
46375213333121	2659412	OK
15647233213232	2704588	OK
65417323223123	2741766	OK
17426531223221	2677354	OK
56347211331131	2697971	OK
56723412122312	2769691	OK
62154733321121	2769803	OK
24715632313223	2675005	OK
12734562313223	2621404	OK
76315241223113	2647681	OK
54637211132111	2664828	OK
62135473122131	2650701	OK
15367421223113	2715112	OK
15627431223113	2692869	OK
16537421223113	2676318	OK
76245311131121	2709449	OK
61472533112111	2654171	OK
54362711111231	2785385	OK
57364213332122	2661352	OK
27453161123111	2643741	OK
45612373322111	2708378	OK
51647231113232	2676243	OK
23674153232321	2721300	OK
46375211211332	2713892	OK
75243613213232	2746478	OK
35267141223233	2745129	OK
31527643332122	2627921	OK
57214361323232	2699409	OK
32167453222313	2696063	OK
37614521323232	2723188	OK
16257433223123	2676043	OK
14735621332112	2619053	OK
46375212132131	2614829	OK
14735621333222	2671799	OK
16725433333232	2707395	OK
63752142332132	2613768	OK
46352171211233	2737633	OK
54317261113112	2745407	OK
34165273222322	2707620	OK
13542671231231	2705115	OK
67435123123121	2715987	OK
52731641233112	2682566	OK
42315673112111	2700553	OK
24715633112111	2658905	OK
56173421113112	2750099	OK
31452672322331	2736771	OK
54231673123121	2638317	OK
72345613221221	2759347	OK
74125633133222	2776377	OK
31265471321111	2649687	OK
75346213112132	2693788	OK
23456713212332	2694471	OK
73645211223113	2628448	OK
73645211321111	2666184	OK
67435121332112	2708105	OK
15236473231121	2657950	OK
31452671332232	2741208	OK
53421671321231	2654139	OK
42561733323122	2584884	OK
45623712332123	2726238	OK
32156471232332	2700232	OK
62317453112111	2710925	OK
76253141123132	2713925	OK
36217543213112	2719197	OK
76315243211231	2660021	OK
32465172132131	2608103	OK
64713253112111	2703840	OK
12637451332112	2592003	OK
47621532232331	2681891	OK
56124371111231	2648290	OK
15746321323211	2663902	OK
43216573132121	2685010	OK
47156322332132	2600971	OK
13276541323112	2685145	OK
56423171231231	2668834	OK
25137461211323	2634721	OK
34261572132131	2605228	OK
71432561323232	2644134	OK
12346571111231	2663603	OK
23751463112321	2640184	OK
52163471333123	2693102	OK
45671231132231	2669957	OK
76253141211332	2642895	OK
32451762331121	2634692	OK
57241631322113	2603204	OK
62374511322311	2609444	OK
41357622313112	2682113	OK
76342511111231	2614895	OK
16542371221331	2614484	OK
52731641323112	2670554	OK
65123471233232	2633744	OK
62147353132121	2597275	OK
23751461132123	2653689	OK
32156473223123	2568115	OK
17356241212313	2645079	OK
75412631223332	2582983	OK
32647153132121	2670182	OK
14723652322121	2662496	OK
17463251221331	2609871	OK
45637123332122	2576424	OK
13764251211311	2577857	OK
23456173212332	2648738	OK
15342671211311	2599536	OK
32417653132121	2591965	OK
45623713322321	2597233	OK
25364173223231	2572401	OK
17324561232332	2555685	OK
51623471321111	2601370	OK
53467211321111	2606547	OK
17362451211311	2587901	OK
72345611221223	2618597	OK
74125633132232	2606086	OK
26345711223113	2562181	OK
14763523222331	2566706	OK
75314621133221	2535185	OK
36217541223311	2584628	OK
42137653132121	2611936	OK
57241631323112	2611806	OK
31452671323211	2569369	OK
47653213232111	2581268	OK
76421351131121	2568254	OK
42165373223123	2562491	OK
72345612331331	2598965	OK
46352172113231	2563842	OK
15746322313112	2538793	OK
62374513312112	2537382	OK
